[
    {"code":"B0016"},
    {"code":"B0038"},
    {"code":"B0040"},
    {"code":"B0045"},
    {"code":"B2619"},
    {"code":"C0010"},
    {"code":"C0150"},
    {"code":"C0102"},
    {"code":"C0103"},
    {"code":"P0666"},
    {"code":"P0671"},
    {"code":"P6381"},
    {"code":"W3330"},
    {"code":"W7815"},
    {"code":"B0042"},
    {"code":"B0052"},
    {"code":"B0132"},
    {"code":"B0159"},
    {"code":"B9052"},
    {"code":"C0159"},
    {"code":"P0022"},
    {"code":"P0086"},
    {"code":"P0087"},
    {"code":"P0090"},
    {"code":"P0425"},
    {"code":"P0683"},
    {"code":"P0963"},
    {"code":"W3140"},
    {"code":"W6902"},
    {"code":"W7509"},
    {"code":"W7837"},
    {"code":"W9213"},
    {"code":"W9360"},
    {"code":"B0009"},
    {"code":"B0199"},
    {"code":"B0044"},
    {"code":"B0060"},
    {"code":"B0070"},
    {"code":"B0099"},
    {"code":"B0114"},
    {"code":"B0199"},
    {"code":"C0026"},
    {"code":"C0104"},
    {"code":"C0105"},
    {"code":"C0126"},
    {"code":"C0146"},
    {"code":"C0175"},
    {"code":"P0047"},
    {"code":"P0728"},
    {"code":"W5920"},
    {"code":"W5965"}
]